feature,SED_val_vs_test
temp,-0.1699382266597024
promo_rolling4,-0.001106907549944995
stock_lag2,0.0014245308536612483
price,0.0017459773577207568
stock_ma4,0.007094878947797222
promo,0.008988541107292157
stock_lag1,0.01049994448178369
demand_lag2,0.08453409666959914
sales_lag2,0.085651329552241
sales_ma4,0.09030376805458339
sales_lag1,0.09224266590257259
demand_lag1,0.09264074143991281
